{"name": "parsec_tests", "gem5_binary": "gem5/build/X86/gem5.opt", "run_script": "configs-parsec-tests/run_parsec.py", "gem5_artifact": "9967e446-8718-456a-bd4c-414f38399a87", "gem5_git_artifact": "ea8ff576-66ef-400d-828e-e9db09bbe2bc", "run_script_git_artifact": "ea8ff576-66ef-400d-828e-e9db09bbe2bc", "params": ["kvm", "bodytrack", "native", "1"], "timeout": 86400, "_id": "0508f5d5-5d39-4ce3-a53d-5c2b64a347cf", "outdir": "/autoperf/results/run_parsec/bodytrack/native/kvm/1", "gem5_name": "X86", "script_name": "run_parsec", "running": false, "enqueue_time": 1625866185.248127, "start_time": 1625866280.4574761, "end_time": 1625866305.5207574, "return_code": 0, "kill_reason": "", "status": "Finished", "pid": 4290, "task_id": "98e0a1f4-6c01-44f5-9c5f-c379522ff8f1", "results": null, "linux_binary": "linux-4.19.83-stable/vmlinux-4.19.83", "disk_image": "disk-image/parsec/parsec-image/parsec", "linux_binary_artifact": "93d21e2a-dd7a-44b1-b8c3-d66d1467b030", "disk_image_artifact": "d3ce3637-baa5-4ec0-8687-823f85930de8", "linux_name": "vmlinux-4.19.83", "disk_name": "parsec", "string": "X86 run_parsec vmlinux-4.19.83 parsec kvm bodytrack native 1", "command": ["gem5/build/X86/gem5.opt", "-re", "--outdir=/autoperf/results/run_parsec/bodytrack/native/kvm/1", "configs-parsec-tests/run_parsec.py", "linux-4.19.83-stable/vmlinux-4.19.83", "disk-image/parsec/parsec-image/parsec", "kvm", "bodytrack", "native", "1"], "hash": "ce1c7a8874771e43ed4400ce9700700d", "type": "gem5 run fs", "current_time": 1625866300.5099502}