{"name": "parsec_tests", "gem5_binary": "gem5/build/X86/gem5.opt", "run_script": "configs-parsec-tests/run_parsec.py", "gem5_artifact": "9967e446-8718-456a-bd4c-414f38399a87", "gem5_git_artifact": "ea8ff576-66ef-400d-828e-e9db09bbe2bc", "run_script_git_artifact": "ea8ff576-66ef-400d-828e-e9db09bbe2bc", "params": ["kvm", "swaptions", "simlarge", "1"], "timeout": 86400, "_id": "d1963468-3455-41cc-b4e1-f6ec44ccbf56", "outdir": "/autoperf/results/run_parsec/swaptions/simlarge/kvm/1", "gem5_name": "X86", "script_name": "run_parsec", "running": false, "enqueue_time": 1625866185.1796048, "start_time": 1625866276.4314258, "end_time": 1625866321.5069509, "return_code": 0, "kill_reason": "", "status": "Finished", "pid": 4277, "task_id": "bc2b93dc-8036-4848-be40-a30f300c8e0d", "results": null, "linux_binary": "linux-4.19.83-stable/vmlinux-4.19.83", "disk_image": "disk-image/parsec/parsec-image/parsec", "linux_binary_artifact": "93d21e2a-dd7a-44b1-b8c3-d66d1467b030", "disk_image_artifact": "d3ce3637-baa5-4ec0-8687-823f85930de8", "linux_name": "vmlinux-4.19.83", "disk_name": "parsec", "string": "X86 run_parsec vmlinux-4.19.83 parsec kvm swaptions simlarge 1", "command": ["gem5/build/X86/gem5.opt", "-re", "--outdir=/autoperf/results/run_parsec/swaptions/simlarge/kvm/1", "configs-parsec-tests/run_parsec.py", "linux-4.19.83-stable/vmlinux-4.19.83", "disk-image/parsec/parsec-image/parsec", "kvm", "swaptions", "simlarge", "1"], "hash": "7a25ffdbb57a9b7aedaa1fb55ea3da10", "type": "gem5 run fs", "current_time": 1625866316.4978244}