{"name": "parsec_tests", "gem5_binary": "gem5/build/X86/gem5.opt", "run_script": "configs-parsec-tests/run_parsec.py", "gem5_artifact": "9967e446-8718-456a-bd4c-414f38399a87", "gem5_git_artifact": "ea8ff576-66ef-400d-828e-e9db09bbe2bc", "run_script_git_artifact": "ea8ff576-66ef-400d-828e-e9db09bbe2bc", "params": ["kvm", "dedup", "simsmall", "1"], "timeout": 86400, "_id": "f6f41359-bfe6-44b2-ad67-87d8a2c446f9", "outdir": "/autoperf/results/run_parsec/dedup/simsmall/kvm/1", "gem5_name": "X86", "script_name": "run_parsec", "running": false, "enqueue_time": 1625866185.0936952, "start_time": 1625866283.6494758, "end_time": 1625866313.705329, "return_code": 0, "kill_reason": "", "status": "Finished", "pid": 4305, "task_id": "2af2e233-560d-4656-a148-9408c8092aaa", "results": null, "linux_binary": "linux-4.19.83-stable/vmlinux-4.19.83", "disk_image": "disk-image/parsec/parsec-image/parsec", "linux_binary_artifact": "93d21e2a-dd7a-44b1-b8c3-d66d1467b030", "disk_image_artifact": "d3ce3637-baa5-4ec0-8687-823f85930de8", "linux_name": "vmlinux-4.19.83", "disk_name": "parsec", "string": "X86 run_parsec vmlinux-4.19.83 parsec kvm dedup simsmall 1", "command": ["gem5/build/X86/gem5.opt", "-re", "--outdir=/autoperf/results/run_parsec/dedup/simsmall/kvm/1", "configs-parsec-tests/run_parsec.py", "linux-4.19.83-stable/vmlinux-4.19.83", "disk-image/parsec/parsec-image/parsec", "kvm", "dedup", "simsmall", "1"], "hash": "ee6b85f5e79bb0c4b812a6a07175e4ed", "type": "gem5 run fs", "current_time": 1625866308.695909}