{"name": "parsec_tests", "gem5_binary": "gem5/build/X86/gem5.opt", "run_script": "configs-parsec-tests/run_parsec.py", "gem5_artifact": "9967e446-8718-456a-bd4c-414f38399a87", "gem5_git_artifact": "ea8ff576-66ef-400d-828e-e9db09bbe2bc", "run_script_git_artifact": "ea8ff576-66ef-400d-828e-e9db09bbe2bc", "params": ["timing", "raytrace", "simsmall", "1"], "timeout": 86400, "_id": "1f8f86f3-f64a-478d-8c92-ed5408f683ac", "outdir": "/autoperf/results/run_parsec/raytrace/simsmall/timing/1", "gem5_name": "X86", "script_name": "run_parsec", "running": false, "enqueue_time": 1625866185.3431273, "start_time": 1625866264.121799, "end_time": 1625866294.1920161, "return_code": 0, "kill_reason": "", "status": "Finished", "pid": 4252, "task_id": "c4706673-b026-4c2e-9917-79d7080103e8", "results": null, "linux_binary": "linux-4.19.83-stable/vmlinux-4.19.83", "disk_image": "disk-image/parsec/parsec-image/parsec", "linux_binary_artifact": "93d21e2a-dd7a-44b1-b8c3-d66d1467b030", "disk_image_artifact": "d3ce3637-baa5-4ec0-8687-823f85930de8", "linux_name": "vmlinux-4.19.83", "disk_name": "parsec", "string": "X86 run_parsec vmlinux-4.19.83 parsec timing raytrace simsmall 1", "command": ["gem5/build/X86/gem5.opt", "-re", "--outdir=/autoperf/results/run_parsec/raytrace/simsmall/timing/1", "configs-parsec-tests/run_parsec.py", "linux-4.19.83-stable/vmlinux-4.19.83", "disk-image/parsec/parsec-image/parsec", "timing", "raytrace", "simsmall", "1"], "hash": "49d36934126c1d9ee28a477255072fe4", "type": "gem5 run fs", "current_time": 1625866289.183958}