{"name": "parsec_tests", "gem5_binary": "gem5/build/X86/gem5.opt", "run_script": "configs-parsec-tests/run_parsec.py", "gem5_artifact": "9967e446-8718-456a-bd4c-414f38399a87", "gem5_git_artifact": "ea8ff576-66ef-400d-828e-e9db09bbe2bc", "run_script_git_artifact": "ea8ff576-66ef-400d-828e-e9db09bbe2bc", "params": ["kvm", "dedup", "native", "1"], "timeout": 86400, "_id": "90fb83c1-f6c0-4d30-a9f1-69d8ea62356b", "outdir": "/autoperf/results/run_parsec/dedup/native/kvm/1", "gem5_name": "X86", "script_name": "run_parsec", "running": false, "enqueue_time": 1625866185.2855785, "start_time": 1625866283.4921432, "end_time": 1625866434.00144, "return_code": 0, "kill_reason": "", "status": "Finished", "pid": 4304, "task_id": "a0f06ff7-be8b-4c4a-80d0-6d72b161f4fb", "results": null, "linux_binary": "linux-4.19.83-stable/vmlinux-4.19.83", "disk_image": "disk-image/parsec/parsec-image/parsec", "linux_binary_artifact": "93d21e2a-dd7a-44b1-b8c3-d66d1467b030", "disk_image_artifact": "d3ce3637-baa5-4ec0-8687-823f85930de8", "linux_name": "vmlinux-4.19.83", "disk_name": "parsec", "string": "X86 run_parsec vmlinux-4.19.83 parsec kvm dedup native 1", "command": ["gem5/build/X86/gem5.opt", "-re", "--outdir=/autoperf/results/run_parsec/dedup/native/kvm/1", "configs-parsec-tests/run_parsec.py", "linux-4.19.83-stable/vmlinux-4.19.83", "disk-image/parsec/parsec-image/parsec", "kvm", "dedup", "native", "1"], "hash": "49c660d9167d12f3bfc2aae670ab1d73", "type": "gem5 run fs", "current_time": 1625866428.9938562}