{"name": "parsec_tests", "gem5_binary": "gem5/build/X86/gem5.opt", "run_script": "configs-parsec-tests/run_parsec.py", "gem5_artifact": "9967e446-8718-456a-bd4c-414f38399a87", "gem5_git_artifact": "ea8ff576-66ef-400d-828e-e9db09bbe2bc", "run_script_git_artifact": "ea8ff576-66ef-400d-828e-e9db09bbe2bc", "params": ["kvm", "fluidanimate", "simsmall", "1"], "timeout": 86400, "_id": "4f7eac81-f6d9-484f-b9c4-b8971cec808d", "outdir": "/autoperf/results/run_parsec/fluidanimate/simsmall/kvm/1", "gem5_name": "X86", "script_name": "run_parsec", "running": false, "enqueue_time": 1625866185.10666, "start_time": 1625866279.5076866, "end_time": 1625866309.5675442, "return_code": 0, "kill_reason": "", "status": "Finished", "pid": 4287, "task_id": "b6ed23fa-1784-49e3-b40f-dac354b8c03a", "results": null, "linux_binary": "linux-4.19.83-stable/vmlinux-4.19.83", "disk_image": "disk-image/parsec/parsec-image/parsec", "linux_binary_artifact": "93d21e2a-dd7a-44b1-b8c3-d66d1467b030", "disk_image_artifact": "d3ce3637-baa5-4ec0-8687-823f85930de8", "linux_name": "vmlinux-4.19.83", "disk_name": "parsec", "string": "X86 run_parsec vmlinux-4.19.83 parsec kvm fluidanimate simsmall 1", "command": ["gem5/build/X86/gem5.opt", "-re", "--outdir=/autoperf/results/run_parsec/fluidanimate/simsmall/kvm/1", "configs-parsec-tests/run_parsec.py", "linux-4.19.83-stable/vmlinux-4.19.83", "disk-image/parsec/parsec-image/parsec", "kvm", "fluidanimate", "simsmall", "1"], "hash": "72d104afd07da24d3420c2236306c85e", "type": "gem5 run fs", "current_time": 1625866304.5599449}