{"name": "parsec_tests", "gem5_binary": "gem5/build/X86/gem5.opt", "run_script": "configs-parsec-tests/run_parsec.py", "gem5_artifact": "9967e446-8718-456a-bd4c-414f38399a87", "gem5_git_artifact": "ea8ff576-66ef-400d-828e-e9db09bbe2bc", "run_script_git_artifact": "ea8ff576-66ef-400d-828e-e9db09bbe2bc", "params": ["kvm", "raytrace", "simsmall", "1"], "timeout": 86400, "_id": "5b2e8816-62c9-4cd9-8041-994c3e08e300", "outdir": "/autoperf/results/run_parsec/raytrace/simsmall/kvm/1", "gem5_name": "X86", "script_name": "run_parsec", "running": false, "enqueue_time": 1625866185.1154091, "start_time": 1625866287.3705103, "end_time": 1625866312.418899, "return_code": 0, "kill_reason": "", "status": "Finished", "pid": 4322, "task_id": "3193f4cf-5904-4c29-a367-63a24452838e", "results": null, "linux_binary": "linux-4.19.83-stable/vmlinux-4.19.83", "disk_image": "disk-image/parsec/parsec-image/parsec", "linux_binary_artifact": "93d21e2a-dd7a-44b1-b8c3-d66d1467b030", "disk_image_artifact": "d3ce3637-baa5-4ec0-8687-823f85930de8", "linux_name": "vmlinux-4.19.83", "disk_name": "parsec", "string": "X86 run_parsec vmlinux-4.19.83 parsec kvm raytrace simsmall 1", "command": ["gem5/build/X86/gem5.opt", "-re", "--outdir=/autoperf/results/run_parsec/raytrace/simsmall/kvm/1", "configs-parsec-tests/run_parsec.py", "linux-4.19.83-stable/vmlinux-4.19.83", "disk-image/parsec/parsec-image/parsec", "kvm", "raytrace", "simsmall", "1"], "hash": "b758ae5c9338e74aca6764da89165db1", "type": "gem5 run fs", "current_time": 1625866307.4097779}