{"name": "parsec_tests", "gem5_binary": "gem5/build/X86/gem5.opt", "run_script": "configs-parsec-tests/run_parsec.py", "gem5_artifact": "9967e446-8718-456a-bd4c-414f38399a87", "gem5_git_artifact": "ea8ff576-66ef-400d-828e-e9db09bbe2bc", "run_script_git_artifact": "ea8ff576-66ef-400d-828e-e9db09bbe2bc", "params": ["kvm", "canneal", "simlarge", "1"], "timeout": 86400, "_id": "e40a84a0-eb5d-4be1-acee-2d52def6063c", "outdir": "/autoperf/results/run_parsec/canneal/simlarge/kvm/1", "gem5_name": "X86", "script_name": "run_parsec", "running": false, "enqueue_time": 1625866185.1451857, "start_time": 1625866290.4205344, "end_time": 1625866335.5706878, "return_code": 0, "kill_reason": "", "status": "Finished", "pid": 4333, "task_id": "542542e9-a6f1-4592-a554-7b00a75dc656", "results": null, "linux_binary": "linux-4.19.83-stable/vmlinux-4.19.83", "disk_image": "disk-image/parsec/parsec-image/parsec", "linux_binary_artifact": "93d21e2a-dd7a-44b1-b8c3-d66d1467b030", "disk_image_artifact": "d3ce3637-baa5-4ec0-8687-823f85930de8", "linux_name": "vmlinux-4.19.83", "disk_name": "parsec", "string": "X86 run_parsec vmlinux-4.19.83 parsec kvm canneal simlarge 1", "command": ["gem5/build/X86/gem5.opt", "-re", "--outdir=/autoperf/results/run_parsec/canneal/simlarge/kvm/1", "configs-parsec-tests/run_parsec.py", "linux-4.19.83-stable/vmlinux-4.19.83", "disk-image/parsec/parsec-image/parsec", "kvm", "canneal", "simlarge", "1"], "hash": "46ef6e9881c5fee1e3cc8fc8dc1bd2a7", "type": "gem5 run fs", "current_time": 1625866330.536406}