{"name": "parsec_tests", "gem5_binary": "gem5/build/X86/gem5.opt", "run_script": "configs-parsec-tests/run_parsec.py", "gem5_artifact": "9967e446-8718-456a-bd4c-414f38399a87", "gem5_git_artifact": "ea8ff576-66ef-400d-828e-e9db09bbe2bc", "run_script_git_artifact": "ea8ff576-66ef-400d-828e-e9db09bbe2bc", "params": ["kvm", "streamcluster", "simsmall", "1"], "timeout": 86400, "_id": "13e7ec88-9c8d-46f4-90c5-d672a0547c5a", "outdir": "/autoperf/results/run_parsec/streamcluster/simsmall/kvm/1", "gem5_name": "X86", "script_name": "run_parsec", "running": false, "enqueue_time": 1625866185.119656, "start_time": 1625866290.3044076, "end_time": 1625866315.353049, "return_code": 0, "kill_reason": "", "status": "Finished", "pid": 4332, "task_id": "73956381-8433-4165-91f0-be84e43e63fb", "results": null, "linux_binary": "linux-4.19.83-stable/vmlinux-4.19.83", "disk_image": "disk-image/parsec/parsec-image/parsec", "linux_binary_artifact": "93d21e2a-dd7a-44b1-b8c3-d66d1467b030", "disk_image_artifact": "d3ce3637-baa5-4ec0-8687-823f85930de8", "linux_name": "vmlinux-4.19.83", "disk_name": "parsec", "string": "X86 run_parsec vmlinux-4.19.83 parsec kvm streamcluster simsmall 1", "command": ["gem5/build/X86/gem5.opt", "-re", "--outdir=/autoperf/results/run_parsec/streamcluster/simsmall/kvm/1", "configs-parsec-tests/run_parsec.py", "linux-4.19.83-stable/vmlinux-4.19.83", "disk-image/parsec/parsec-image/parsec", "kvm", "streamcluster", "simsmall", "1"], "hash": "2b28e3063219a613a45078eb12b4964c", "type": "gem5 run fs", "current_time": 1625866310.343737}