{"name": "parsec_tests", "gem5_binary": "gem5/build/X86/gem5.opt", "run_script": "configs-parsec-tests/run_parsec.py", "gem5_artifact": "9967e446-8718-456a-bd4c-414f38399a87", "gem5_git_artifact": "ea8ff576-66ef-400d-828e-e9db09bbe2bc", "run_script_git_artifact": "ea8ff576-66ef-400d-828e-e9db09bbe2bc", "params": ["kvm", "bodytrack", "simsmall", "1"], "timeout": 86400, "_id": "54ec0398-da74-4b8a-9151-d10cd02c1e7e", "outdir": "/autoperf/results/run_parsec/bodytrack/simsmall/kvm/1", "gem5_name": "X86", "script_name": "run_parsec", "running": false, "enqueue_time": 1625866185.0456057, "start_time": 1625866295.9142048, "end_time": 1625866597.453733, "return_code": 0, "kill_reason": "", "status": "Finished", "pid": 4351, "task_id": "4ad08978-b009-41b4-9427-82a3e439bd67", "results": null, "linux_binary": "linux-4.19.83-stable/vmlinux-4.19.83", "disk_image": "disk-image/parsec/parsec-image/parsec", "linux_binary_artifact": "93d21e2a-dd7a-44b1-b8c3-d66d1467b030", "disk_image_artifact": "d3ce3637-baa5-4ec0-8687-823f85930de8", "linux_name": "vmlinux-4.19.83", "disk_name": "parsec", "string": "X86 run_parsec vmlinux-4.19.83 parsec kvm bodytrack simsmall 1", "command": ["gem5/build/X86/gem5.opt", "-re", "--outdir=/autoperf/results/run_parsec/bodytrack/simsmall/kvm/1", "configs-parsec-tests/run_parsec.py", "linux-4.19.83-stable/vmlinux-4.19.83", "disk-image/parsec/parsec-image/parsec", "kvm", "bodytrack", "simsmall", "1"], "hash": "03e39bd99257c9db27346fdf33576299", "type": "gem5 run fs", "current_time": 1625866592.443616}