{"name": "parsec_tests", "gem5_binary": "gem5/build/X86/gem5.opt", "run_script": "configs-parsec-tests/run_parsec.py", "gem5_artifact": "9967e446-8718-456a-bd4c-414f38399a87", "gem5_git_artifact": "ea8ff576-66ef-400d-828e-e9db09bbe2bc", "run_script_git_artifact": "ea8ff576-66ef-400d-828e-e9db09bbe2bc", "params": ["kvm", "x264", "simsmall", "1"], "timeout": 86400, "_id": "f45a0551-d37b-433c-b95b-776985c75e02", "outdir": "/autoperf/results/run_parsec/x264/simsmall/kvm/1", "gem5_name": "X86", "script_name": "run_parsec", "running": false, "enqueue_time": 1625866185.132539, "start_time": 1625866284.812098, "end_time": 1625866309.8796883, "return_code": 0, "kill_reason": "", "status": "Finished", "pid": 4312, "task_id": "5a5d5f5d-3c7b-4dec-be5e-85a7f2db2284", "results": null, "linux_binary": "linux-4.19.83-stable/vmlinux-4.19.83", "disk_image": "disk-image/parsec/parsec-image/parsec", "linux_binary_artifact": "93d21e2a-dd7a-44b1-b8c3-d66d1467b030", "disk_image_artifact": "d3ce3637-baa5-4ec0-8687-823f85930de8", "linux_name": "vmlinux-4.19.83", "disk_name": "parsec", "string": "X86 run_parsec vmlinux-4.19.83 parsec kvm x264 simsmall 1", "command": ["gem5/build/X86/gem5.opt", "-re", "--outdir=/autoperf/results/run_parsec/x264/simsmall/kvm/1", "configs-parsec-tests/run_parsec.py", "linux-4.19.83-stable/vmlinux-4.19.83", "disk-image/parsec/parsec-image/parsec", "kvm", "x264", "simsmall", "1"], "hash": "231336dd5d74130b1c43af71ab0a2a60", "type": "gem5 run fs", "current_time": 1625866304.846938}