{"name": "parsec_tests", "gem5_binary": "gem5/build/X86/gem5.opt", "run_script": "configs-parsec-tests/run_parsec.py", "gem5_artifact": "9967e446-8718-456a-bd4c-414f38399a87", "gem5_git_artifact": "ea8ff576-66ef-400d-828e-e9db09bbe2bc", "run_script_git_artifact": "ea8ff576-66ef-400d-828e-e9db09bbe2bc", "params": ["timing", "blackscholes", "simsmall", "1"], "timeout": 86400, "_id": "db039039-c437-4a9a-9e0b-fee37935c0c8", "outdir": "/autoperf/results/run_parsec/blackscholes/simsmall/timing/1", "gem5_name": "X86", "script_name": "run_parsec", "running": false, "enqueue_time": 1625866185.3124506, "start_time": 1625866282.0624006, "end_time": 1625866910.8995712, "return_code": 0, "kill_reason": "", "status": "Finished", "pid": 4294, "task_id": "6db089d3-08f3-4bdd-b9e8-cb6f40f8af79", "results": null, "linux_binary": "linux-4.19.83-stable/vmlinux-4.19.83", "disk_image": "disk-image/parsec/parsec-image/parsec", "linux_binary_artifact": "93d21e2a-dd7a-44b1-b8c3-d66d1467b030", "disk_image_artifact": "d3ce3637-baa5-4ec0-8687-823f85930de8", "linux_name": "vmlinux-4.19.83", "disk_name": "parsec", "string": "X86 run_parsec vmlinux-4.19.83 parsec timing blackscholes simsmall 1", "command": ["gem5/build/X86/gem5.opt", "-re", "--outdir=/autoperf/results/run_parsec/blackscholes/simsmall/timing/1", "configs-parsec-tests/run_parsec.py", "linux-4.19.83-stable/vmlinux-4.19.83", "disk-image/parsec/parsec-image/parsec", "timing", "blackscholes", "simsmall", "1"], "hash": "ab031ee5c177c8c98fa15dffbcdd9ecf", "type": "gem5 run fs", "current_time": 1625866905.8419223}