{"name": "parsec_tests", "gem5_binary": "gem5/build/X86/gem5.opt", "run_script": "configs-parsec-tests/run_parsec.py", "gem5_artifact": "9967e446-8718-456a-bd4c-414f38399a87", "gem5_git_artifact": "ea8ff576-66ef-400d-828e-e9db09bbe2bc", "run_script_git_artifact": "ea8ff576-66ef-400d-828e-e9db09bbe2bc", "params": ["kvm", "bodytrack", "simlarge", "1"], "timeout": 86400, "_id": "e8b3f192-f4e0-41f0-81ce-d1aab270a9c3", "outdir": "/autoperf/results/run_parsec/bodytrack/simlarge/kvm/1", "gem5_name": "X86", "script_name": "run_parsec", "running": false, "enqueue_time": 1625866185.1410105, "start_time": 1625866282.8224046, "end_time": 1625866307.8683796, "return_code": 0, "kill_reason": "", "status": "Finished", "pid": 4299, "task_id": "b266f6ac-0222-44fe-abce-14073a5e0600", "results": null, "linux_binary": "linux-4.19.83-stable/vmlinux-4.19.83", "disk_image": "disk-image/parsec/parsec-image/parsec", "linux_binary_artifact": "93d21e2a-dd7a-44b1-b8c3-d66d1467b030", "disk_image_artifact": "d3ce3637-baa5-4ec0-8687-823f85930de8", "linux_name": "vmlinux-4.19.83", "disk_name": "parsec", "string": "X86 run_parsec vmlinux-4.19.83 parsec kvm bodytrack simlarge 1", "command": ["gem5/build/X86/gem5.opt", "-re", "--outdir=/autoperf/results/run_parsec/bodytrack/simlarge/kvm/1", "configs-parsec-tests/run_parsec.py", "linux-4.19.83-stable/vmlinux-4.19.83", "disk-image/parsec/parsec-image/parsec", "kvm", "bodytrack", "simlarge", "1"], "hash": "04be80c48e7b0e3940c789609036bad0", "type": "gem5 run fs", "current_time": 1625866302.8599682}